Theme,Key Driver,Target Segments,Recommended Action
High Complaint Rate,Complain (strongest churn predictor in LR),All segments — especially SILVER/GOLD in Germany,Launch proactive outreach for all customers with any complaint history: assign a dedicated relationship manager for 30 days after a complaint.
High Complaint Rate,Complain (strongest churn predictor in LR),All segments — especially SILVER/GOLD in Germany,Implement a complaint-resolution SLA (48h escalation) + automatic follow-up with satisfaction survey and a goodwill gesture (fee waiver or bonus points).
Inactive Members,IsActiveMember = 0 (strong negative predictor),Any card type with >60 days of inactivity,"Trigger a re-engagement email + app push notification after 60 days of inactivity, offering a 2x points multiplier for the next 30 days."
Inactive Members,IsActiveMember = 0 (strong negative predictor),Any card type with >60 days of inactivity,"For inactive high-balance customers, offer a free annual financial health review to surface better-fit products."
Customers with 3+ Products,NumOfProducts >= 3 shows high churn in EDA,Any segment where NumOfProducts = 3 or 4,Audit product bundling — customers with 3+ products may feel over-sold; offer a free annual portfolio review to right-size.
Customers with 3+ Products,NumOfProducts >= 3 shows high churn in EDA,Any segment where NumOfProducts = 3 or 4,"Create a loyalty tier benefit for multi-product holders (priority service, higher savings rates) to increase perceived value."
GOLD & SILVER Cards in Germany,Highest churn rate + complaint rate in Germany cross-segment,"GOLD Germany, SILVER Germany",Run a targeted card upgrade campaign (GOLD→PLATINUM or SILVER→GOLD) with reduced annual fee for the first year.
GOLD & SILVER Cards in Germany,Highest churn rate + complaint rate in Germany cross-segment,"GOLD Germany, SILVER Germany",Survey recent churners in Germany to surface market-specific pain points and address top 3 issues within one quarter.
Low Satisfaction Score,"Satisfaction Score (protective when high, risky when low)",Any segment with avg satisfaction score < 3,Implement quarterly NPS surveys; flag customers scoring ≤6 for immediate retention team follow-up.
Low Satisfaction Score,"Satisfaction Score (protective when high, risky when low)",Any segment with avg satisfaction score < 3,Create a Satisfaction Guarantee: customers dissatisfied with a product in first 90 days get a no-penalty switch to an alternative product.
